ENHANCE_ID,fbs_item_code,fbs_item
14268,2617,Apples and products
14270,2617,Apples and products
24257,2617,Apples and products
44259,2617,Apples and products
54260,2617,Apples and products
74261,2617,Apples and products
94262,2617,Apples and products
94263,2617,Apples and products
94264,2617,Apples and products
94265,2617,Apples and products
94266,2617,Apples and products
94267,2617,Apples and products
104269,2617,Apples and products
104271,2617,Apples and products
14290,2615,Bananas
24280,2615,Bananas
44288,2615,Bananas
54283,2615,Bananas
54284,2615,Bananas
64285,2615,Bananas
64286,2615,Bananas
64289,2615,Bananas
64291,2615,Bananas
84287,2615,Bananas
94282,2615,Bananas
104292,2615,Bananas
104293,2615,Bananas
14662,2513,Barley and products
24656,2513,Barley and products
94657,2513,Barley and products
94658,2513,Barley and products
94659,2513,Barley and products
94660,2513,Barley and products
94661,2513,Barley and products
15426,2546,Beans
16677,2546,Beans
16678,2546,Beans
16700,2546,Beans
25319,2546,Beans
25365,2546,Beans
25420,2546,Beans
26665,2546,Beans
26666,2546,Beans
45299,2546,Beans
45304,2546,Beans
45311,2546,Beans
45320,2546,Beans
45339,2546,Beans
45344,2546,Beans
45348,2546,Beans
45366,2546,Beans
45421,2546,Beans
45433,2546,Beans
54856,2546,Beans
55317,2546,Beans
55318,2546,Beans
55328,2546,Beans
55340,2546,Beans
55341,2546,Beans
55371,2546,Beans
55373,2546,Beans
55374,2546,Beans
55380,2546,Beans
55387,2546,Beans
55388,2546,Beans
56685,2546,Beans
56690,2546,Beans
65316,2546,Beans
65321,2546,Beans
65322,2546,Beans
65323,2546,Beans
65324,2546,Beans
65347,2546,Beans
65427,2546,Beans
65432,2546,Beans
65436,2546,Beans
75291,2546,Beans
75293,2546,Beans
75298,2546,Beans
75305,2546,Beans
75306,2546,Beans
75310,2546,Beans
75332,2546,Beans
75351,2546,Beans
75356,2546,Beans
75364,2546,Beans
75372,2546,Beans
75375,2546,Beans
75381,2546,Beans
85287,2546,Beans
85376,2546,Beans
85431,2546,Beans
85435,2546,Beans
85439,2546,Beans
85449,2546,Beans
95284,2546,Beans
95285,2546,Beans
95286,2546,Beans
95292,2546,Beans
95294,2546,Beans
95295,2546,Beans
95296,2546,Beans
95297,2546,Beans
95300,2546,Beans
95301,2546,Beans
95302,2546,Beans
95303,2546,Beans
95307,2546,Beans
95308,2546,Beans
95312,2546,Beans
95313,2546,Beans
95314,2546,Beans
95315,2546,Beans
95325,2546,Beans
95326,2546,Beans
95327,2546,Beans
95329,2546,Beans
95330,2546,Beans
95331,2546,Beans
95333,2546,Beans
95334,2546,Beans
95335,2546,Beans
95336,2546,Beans
95337,2546,Beans
95338,2546,Beans
95342,2546,Beans
95343,2546,Beans
95345,2546,Beans
95346,2546,Beans
95349,2546,Beans
95350,2546,Beans
95352,2546,Beans
95353,2546,Beans
95354,2546,Beans
95355,2546,Beans
95357,2546,Beans
95358,2546,Beans
95359,2546,Beans
95360,2546,Beans
95361,2546,Beans
95362,2546,Beans
95363,2546,Beans
95377,2546,Beans
95378,2546,Beans
95379,2546,Beans
95382,2546,Beans
95383,2546,Beans
95384,2546,Beans
95440,2546,Beans
95441,2546,Beans
95442,2546,Beans
95443,2546,Beans
95444,2546,Beans
95445,2546,Beans
95446,2546,Beans
96662,2546,Beans
96667,2546,Beans
96668,2546,Beans
96669,2546,Beans
96683,2546,Beans
96684,2546,Beans
96686,2546,Beans
96687,2546,Beans
96688,2546,Beans
96689,2546,Beans
96691,2546,Beans
96692,2546,Beans
105288,2546,Beans
105289,2546,Beans
105290,2546,Beans
105385,2546,Beans
105386,2546,Beans
105422,2546,Beans
105423,2546,Beans
105424,2546,Beans
105425,2546,Beans
105428,2546,Beans
105430,2546,Beans
105437,2546,Beans
105438,2546,Beans
106663,2546,Beans
106664,2546,Beans
15617,2731,Bovine Meat
15646,2731,Bovine Meat
15650,2731,Bovine Meat
15662,2731,Bovine Meat
25656,2731,Bovine Meat
25657,2731,Bovine Meat
26039,2731,Bovine Meat
26072,2731,Bovine Meat
26242,2731,Bovine Meat
45592,2731,Bovine Meat
55593,2731,Bovine Meat
55594,2731,Bovine Meat
55610,2731,Bovine Meat
65622,2731,Bovine Meat
65633,2731,Bovine Meat
65658,2731,Bovine Meat
65659,2731,Bovine Meat
66040,2731,Bovine Meat
66071,2731,Bovine Meat
75596,2731,Bovine Meat
75612,2731,Bovine Meat
75614,2731,Bovine Meat
75621,2731,Bovine Meat
75623,2731,Bovine Meat
75632,2731,Bovine Meat
75665,2731,Bovine Meat
76041,2731,Bovine meat
85597,2731,Bovine Meat
85611,2731,Bovine Meat
85613,2731,Bovine Meat
85690,2731,Bovine Meat
95598,2731,Bovine Meat
95599,2731,Bovine Meat
95602,2731,Bovine Meat
95603,2731,Bovine Meat
95604,2731,Bovine Meat
95605,2731,Bovine Meat
95606,2731,Bovine Meat
95607,2731,Bovine Meat
95608,2731,Bovine Meat
95609,2731,Bovine Meat
95615,2731,Bovine Meat
95616,2731,Bovine Meat
95642,2731,Bovine Meat
95643,2731,Bovine Meat
95647,2731,Bovine Meat
95653,2731,Bovine Meat
95660,2731,Bovine Meat
95663,2731,Bovine Meat
95666,2731,Bovine Meat
95667,2731,Bovine Meat
95668,2731,Bovine Meat
95669,2731,Bovine Meat
95670,2731,Bovine Meat
95671,2731,Bovine Meat
95672,2731,Bovine Meat
95673,2731,Bovine Meat
95674,2731,Bovine Meat
95675,2731,Bovine Meat
95679,2731,Bovine Meat
95680,2731,Bovine Meat
95681,2731,Bovine Meat
95684,2731,Bovine Meat
95685,2731,Bovine Meat
96075,2731,Bovine Meat
96076,2731,Bovine Meat
96077,2731,Bovine Meat
96078,2731,Bovine Meat
96079,2731,Bovine Meat
96084,2731,Bovine Meat
96085,2731,Bovine Meat
96088,2731,Bovine Meat
96089,2731,Bovine Meat
96092,2731,Bovine Meat
96093,2731,Bovine Meat
96094,2731,Bovine Meat
96095,2731,Bovine Meat
96096,2731,Bovine Meat
96097,2731,Bovine Meat
96098,2731,Bovine Meat
96099,2731,Bovine Meat
96100,2731,Bovine Meat
96101,2731,Bovine Meat
96102,2731,Bovine Meat
96103,2731,Bovine Meat
96268,2731,Bovine Meat
105648,2731,Bovine Meat
105649,2731,Bovine Meat
105651,2731,Bovine Meat
105652,2731,Bovine Meat
105654,2731,Bovine Meat
105655,2731,Bovine Meat
105661,2731,Bovine Meat
105664,2731,Bovine Meat
16252,2740,Butter
16279,2740,Butter
26245,2740,Butter
26247,2740,Butter
56244,2740,Butter
76246,2740,Butter
84620,2740,Butter
86249,2740,Butter
86250,2740,Butter
96254,2740,Butter
96255,2740,Butter
106251,2740,Butter
55007,2532,Cassava and products
56360,2532,Cassava and products
56361,2532,Cassava and products
56363,2532,Cassava and products
56364,2532,Cassava and products
56366,2532,Cassava and products
56375,2532,Cassava and products
56376,2532,Cassava and products
56518,2532,Cassava and products
56519,2532,Cassava and products
56520,2532,Cassava and products
56521,2532,Cassava and products
56522,2532,Cassava and products
56527,2532,Cassava and products
56529,2532,Cassava and products
56532,2532,Cassava and products
66362,2532,Cassava and products
66367,2532,Cassava and products
86369,2532,Cassava and products
86370,2532,Cassava and products
95008,2532,Cassava and products
96368,2532,Cassava and products
106365,2532,Cassava and products
106371,2532,Cassava and products
106372,2532,Cassava and products
106373,2532,Cassava and products
106374,2532,Cassava and products
54240,2766,Cephalopods
93793,2766,Cephalopods
93794,2766,Cephalopods
94215,2766,Cephalopods
94216,2766,Cephalopods
94241,2766,Cephalopods
24686,2520,Cereals
24687,2520,Cereals
24688,2520,Cereals
24689,2520,Cereals
24690,2520,Cereals
24691,2520,Cereals
24692,2520,Cereals
24720,2520,Cereals
74719,2520,Cereals
75012,2520,Cereals
94676,2520,Cereals
94677,2520,Cereals
94715,2520,Cereals
94727,2520,Cereals
94728,2520,Cereals
94848,2520,Cereals
94849,2520,Cereals
94850,2520,Cereals
94851,2520,Cereals
94852,2520,Cereals
94853,2520,Cereals
94869,2520,Cereals
94870,2520,Cereals
95000,2520,Cereals
95001,2520,Cereals
95009,2520,Cereals
95010,2520,Cereals
95015,2520,Cereals
95016,2520,Cereals
104674,2520,Cereals
104734,2520,Cereals
104735,2520,Cereals
104736,2520,Cereals
104737,2520,Cereals
104739,2520,Cereals
104740,2520,Cereals
56259,2578,Coconut Oil
96300,2578,Coconut Oil
106260,2578,Coconut Oil
126599,2578,Coconut Oil
14328,2560,Coconuts - Incl Copra
14330,2560,Coconuts - Incl Copra
14339,2560,Coconuts - Incl Copra
14342,2560,Coconuts - Incl Copra
24334,2560,Coconuts - Incl Copra
44331,2560,Coconuts - Incl Copra
54323,2560,Coconuts - Incl Copra
54329,2560,Coconuts - Incl Copra
54332,2560,Coconuts - Incl Copra
54333,2560,Coconuts - Incl Copra
54335,2560,Coconuts - Incl Copra
54337,2560,Coconuts - Incl Copra
54341,2560,Coconuts - Incl Copra
54343,2560,Coconuts - Incl Copra
54344,2560,Coconuts - Incl Copra
54345,2560,Coconuts - Incl Copra
54346,2560,Coconuts - Incl Copra
94324,2560,Coconuts - Incl Copra
94325,2560,Coconuts - Incl Copra
104326,2560,Coconuts - Incl Copra
104327,2560,Coconuts - Incl Copra
104336,2560,Coconuts - Incl Copra
104338,2560,Coconuts - Incl Copra
104340,2560,Coconuts - Incl Copra
26170,2743,Cream
76169,2743,Cream
76171,2743,Cream
96167,2743,Cream
96172,2743,Cream
106168,2743,Cream
106173,2743,Cream
14221,2765,Crustaceans
14222,2765,Crustaceans
14223,2765,Crustaceans
14224,2765,Crustaceans
14225,2765,Crustaceans
14226,2765,Crustaceans
14238,2765,Crustaceans
24228,2765,Crustaceans
53779,2765,Crustaceans
53782,2765,Crustaceans
53784,2765,Crustaceans
54231,2765,Crustaceans
54233,2765,Crustaceans
54236,2765,Crustaceans
54237,2765,Crustaceans
73785,2765,Crustaceans
74205,2765,Crustaceans
74229,2765,Crustaceans
74232,2765,Crustaceans
74234,2765,Crustaceans
83783,2765,Crustaceans
83791,2765,Crustaceans
83792,2765,Crustaceans
93772,2765,Crustaceans
93773,2765,Crustaceans
93774,2765,Crustaceans
93775,2765,Crustaceans
93776,2765,Crustaceans
93777,2765,Crustaceans
93778,2765,Crustaceans
93780,2765,Crustaceans
93781,2765,Crustaceans
93786,2765,Crustaceans
93787,2765,Crustaceans
93788,2765,Crustaceans
93789,2765,Crustaceans
94203,2765,Crustaceans
94204,2765,Crustaceans
94206,2765,Crustaceans
94207,2765,Crustaceans
94230,2765,Crustaceans
94235,2765,Crustaceans
94242,2765,Crustaceans
14359,2619,Dates
14362,2619,Dates
24356,2619,Dates
24357,2619,Dates
54355,2619,Dates
94358,2619,Dates
94361,2619,Dates
104360,2619,Dates
104363,2619,Dates
126594,2619,Dates
13841,2762,Demersal Fish
13846,2762,Demersal Fish
13867,2762,Demersal Fish
13876,2762,Demersal Fish
13877,2762,Demersal Fish
13878,2762,Demersal Fish
13880,2762,Demersal Fish
13881,2762,Demersal Fish
13905,2762,Demersal Fish
13923,2762,Demersal Fish
13924,2762,Demersal Fish
13925,2762,Demersal Fish
13926,2762,Demersal Fish
13927,2762,Demersal Fish
14006,2762,Demersal Fish
14019,2762,Demersal Fish
16274,2762,Demersal Fish
53797,2762,Demersal Fish
53798,2762,Demersal Fish
53853,2762,Demersal Fish
53864,2762,Demersal Fish
53865,2762,Demersal Fish
53866,2762,Demersal Fish
53874,2762,Demersal Fish
53931,2762,Demersal Fish
53932,2762,Demersal Fish
53968,2762,Demersal Fish
53969,2762,Demersal Fish
54017,2762,Demersal Fish
54018,2762,Demersal Fish
54038,2762,Demersal Fish
54039,2762,Demersal Fish
54092,2762,Demersal Fish
56262,2762,Demersal Fish
66263,2762,Demersal Fish
73820,2762,Demersal Fish
73912,2762,Demersal Fish
74002,2762,Demersal Fish
74040,2762,Demersal Fish
74088,2762,Demersal Fish
83844,2762,Demersal Fish
83845,2762,Demersal Fish
83863,2762,Demersal Fish
83873,2762,Demersal Fish
83875,2762,Demersal Fish
83910,2762,Demersal Fish
84003,2762,Demersal Fish
84005,2762,Demersal Fish
84089,2762,Demersal Fish
84095,2762,Demersal Fish
84096,2762,Demersal Fish
84123,2762,Demersal Fish
93795,2762,Demersal Fish
93796,2762,Demersal Fish
93868,2762,Demersal Fish
93869,2762,Demersal Fish
93870,2762,Demersal Fish
93871,2762,Demersal Fish
93894,2762,Demersal Fish
93895,2762,Demersal Fish
93896,2762,Demersal Fish
93897,2762,Demersal Fish
93898,2762,Demersal Fish
93904,2762,Demersal Fish
93906,2762,Demersal Fish
93907,2762,Demersal Fish
93919,2762,Demersal Fish
93920,2762,Demersal Fish
93933,2762,Demersal Fish
93934,2762,Demersal Fish
93935,2762,Demersal Fish
93936,2762,Demersal Fish
93937,2762,Demersal Fish
93938,2762,Demersal Fish
93939,2762,Demersal Fish
93961,2762,Demersal Fish
93962,2762,Demersal Fish
93963,2762,Demersal Fish
93964,2762,Demersal Fish
93994,2762,Demersal Fish
93995,2762,Demersal Fish
94004,2762,Demersal Fish
94007,2762,Demersal Fish
94022,2762,Demersal Fish
94023,2762,Demersal Fish
94024,2762,Demersal Fish
94025,2762,Demersal Fish
94041,2762,Demersal Fish
94042,2762,Demersal Fish
94046,2762,Demersal Fish
94047,2762,Demersal Fish
94086,2762,Demersal Fish
94087,2762,Demersal Fish
94090,2762,Demersal Fish
94091,2762,Demersal Fish
94093,2762,Demersal Fish
94094,2762,Demersal Fish
94122,2762,Demersal Fish
94124,2762,Demersal Fish
94179,2762,Demersal Fish
94180,2762,Demersal Fish
94187,2762,Demersal Fish
94189,2762,Demersal Fish
94190,2762,Demersal Fish
94191,2762,Demersal Fish
94192,2762,Demersal Fish
94194,2762,Demersal Fish
94195,2762,Demersal Fish
94196,2762,Demersal Fish
94197,2762,Demersal Fish
96275,2762,Demersal Fish
103835,2762,Demersal Fish
103836,2762,Demersal Fish
103872,2762,Demersal Fish
103879,2762,Demersal Fish
104185,2762,Demersal Fish
104186,2762,Demersal Fish
13725,2744,Eggs
13726,2744,Eggs
13728,2744,Eggs
13729,2744,Eggs
13735,2744,Eggs
13739,2744,Eggs
13740,2744,Eggs
23720,2744,Eggs
23721,2744,Eggs
23733,2744,Eggs
23738,2744,Eggs
23759,2744,Eggs
43719,2744,Eggs
53722,2744,Eggs
53731,2744,Eggs
53734,2744,Eggs
53736,2744,Eggs
53737,2744,Eggs
53742,2744,Eggs
53744,2744,Eggs
53745,2744,Eggs
53747,2744,Eggs
53749,2744,Eggs
53764,2744,Eggs
73732,2744,Eggs
73748,2744,Eggs
73750,2744,Eggs
73752,2744,Eggs
73760,2744,Eggs
93741,2744,Eggs
93743,2744,Eggs
93746,2744,Eggs
93751,2744,Eggs
93753,2744,Eggs
93754,2744,Eggs
93755,2744,Eggs
93756,2744,Eggs
93757,2744,Eggs
93758,2744,Eggs
93761,2744,Eggs
93762,2744,Eggs
103724,2744,Eggs
103727,2744,Eggs
103730,2744,Eggs
103763,2744,Eggs
84738,2744,Fonio
13813,9001,Forage fish
13814,9001,Forage fish
13815,9001,Forage fish
13819,9001,Forage fish
13990,9001,Forage Fish
13991,9001,Forage Fish
13992,9001,Forage Fish
24080,9001,Forage Fish
53806,9001,Forage fish
53807,9001,Forage fish
53812,9001,Forage fish
53816,9001,Forage fish
53817,9001,Forage fish
53818,9001,Forage fish
53940,9001,Forage fish
53947,9001,Forage fish
53948,9001,Forage fish
54076,9001,Forage fish
54078,9001,Forage fish
54113,9001,Forage Fish
54145,9001,Forage Fish
54181,9001,Forage Fish
54182,9001,Forage Fish
74079,9001,Forage fish
74081,9001,Forage fish
83886,9001,Forage Fish
84075,9001,Forage fish
84102,9001,Forage Fish
84103,9001,Forage Fish
93808,9001,Forage fish
93809,9001,Forage fish
93941,9001,Forage fish
93942,9001,Forage fish
93943,9001,Forage fish
93944,9001,Forage fish
93945,9001,Forage fish
93946,9001,Forage fish
94072,9001,Forage fish
94114,9001,Forage Fish
94115,9001,Forage Fish
103805,9001,Forage fish
103810,9001,Forage fish
103811,9001,Forage fish
104073,9001,Forage fish
104074,9001,Forage fish
104077,9001,Forage Fish
13922,9001,Foreage Fish
13953,9001,Foreage Fish
14133,9001,Foreage Fish
54132,9001,Foreage Fish
94100,9001,Foreage Fish
94101,9001,Foreage Fish
13823,2761,Freshwater Fish
13824,2761,Freshwater Fish
13825,2761,Freshwater Fish
13826,2761,Freshwater Fish
13834,2761,Freshwater Fish
13852,2761,Freshwater Fish
13862,2761,Freshwater Fish
13882,2761,Freshwater Fish
13883,2761,Freshwater Fish
13884,2761,Freshwater Fish
13885,2761,Freshwater Fish
13891,2761,Freshwater Fish
13892,2761,Freshwater Fish
13893,2761,Freshwater Fish
13899,2761,Freshwater Fish
13909,2761,Freshwater Fish
13928,2761,Freshwater Fish
13993,2761,Freshwater Fish
13999,2761,Freshwater Fish
14013,2761,Freshwater Fish
14044,2761,Freshwater Fish
14045,2761,Freshwater Fish
14109,2761,Freshwater Fish
14121,2761,Freshwater Fish
14148,2761,Freshwater Fish
53843,2761,Freshwater Fish
53858,2761,Freshwater Fish
53908,2761,Freshwater Fish
53918,2761,Freshwater Fish
53929,2761,Freshwater Fish
53930,2761,Freshwater Fish
53967,2761,Freshwater Fish
53989,2761,Freshwater fish
54117,2761,Freshwater Fish
54118,2761,Freshwater Fish
54119,2761,Freshwater Fish
54120,2761,Freshwater Fish
54142,2761,Freshwater Fish
54151,2761,Freshwater Fish
54152,2761,Freshwater Fish
73854,2761,Freshwater Fish
74110,2761,Freshwater Fish
74111,2761,Freshwater Fish
74162,2761,Freshwater Fish
83857,2761,Freshwater Fish
83859,2761,Freshwater Fish
83887,2761,Freshwater Fish
83888,2761,Freshwater Fish
83952,2761,Freshwater Fish
84010,2761,Freshwater Fish
84146,2761,Freshwater Fish
84147,2761,Freshwater Fish
93832,2761,Freshwater Fish
93833,2761,Freshwater Fish
93847,2761,Freshwater Fish
93848,2761,Freshwater Fish
93855,2761,Freshwater Fish
93860,2761,Freshwater Fish
93889,2761,Freshwater Fish
93890,2761,Freshwater Fish
93915,2761,Freshwater Fish
93916,2761,Freshwater Fish
93987,2761,Freshwater Fish
93988,2761,Freshwater Fish
94020,2761,Freshwater Fish
94021,2761,Freshwater Fish
94134,2761,Freshwater Fish
94135,2761,Freshwater Fish
94136,2761,Freshwater Fish
94137,2761,Freshwater Fish
94138,2761,Freshwater Fish
94149,2761,Freshwater Fish
94153,2761,Freshwater Fish
94155,2761,Freshwater Fish
94156,2761,Freshwater Fish
94157,2761,Freshwater Fish
94158,2761,Freshwater Fish
94159,2761,Freshwater Fish
94160,2761,Freshwater Fish
94161,2761,Freshwater Fish
94163,2761,Freshwater Fish
103803,2761,Freshwater Fish
103804,2761,Freshwater Fish
103856,2761,Freshwater Fish
103861,2761,Freshwater Fish
103996,2761,Freshwater Fish
103997,2761,Freshwater Fish
104000,2761,Freshwater Fish
104001,2761,Freshwater Fish
104009,2761,Freshwater Fish
104011,2761,Freshwater Fish
104150,2761,Freshwater Fish
104154,2761,Freshwater Fish
14304,2625,Fruits
14307,2625,Fruits
14312,2625,Fruits
14353,2625,Fruits
14369,2625,Fruits
14370,2625,Fruits
14377,2625,Fruits
14405,2625,Fruits
14410,2625,Fruits
14415,2625,Fruits
14417,2625,Fruits
14418,2625,Fruits
14419,2625,Fruits
14434,2625,Fruits
14466,2625,Fruits
14477,2625,Fruits
14486,2625,Fruits
14506,2625,Fruits
14511,2625,Fruits
14515,2625,Fruits
14534,2625,Fruits
14535,2625,Fruits
14540,2625,Fruits
14553,2625,Fruits
14563,2625,Fruits
14590,2625,Fruits
14640,2625,Fruits
14650,2625,Fruits
14652,2625,Fruits
15468,2625,Fruits
17122,2625,Fruits
17124,2625,Fruits
24272,2625,Fruits
24310,2625,Fruits
24372,2625,Fruits
24400,2625,Fruits
24472,2625,Fruits
24513,2625,Fruits
24514,2625,Fruits
24545,2625,Fruits
24551,2625,Fruits
24576,2625,Fruits
24586,2625,Fruits
24592,2625,Fruits
24607,2625,Fruits
24646,2625,Fruits
25585,2625,Fruits
44493,2625,Fruits
44509,2625,Fruits
44584,2625,Fruits
44633,2625,Fruits
44647,2625,Fruits
46562,2625,Fruits
47069,2625,Fruits
54256,2625,Fruits
54277,2625,Fruits
54303,2625,Fruits
54313,2625,Fruits
54316,2625,Fruits
54366,2625,Fruits
54382,2625,Fruits
54383,2625,Fruits
54385,2625,Fruits
54386,2625,Fruits
54387,2625,Fruits
54388,2625,Fruits
54389,2625,Fruits
54401,2625,Fruits
54413,2625,Fruits
54416,2625,Fruits
54421,2625,Fruits
54422,2625,Fruits
54442,2625,Fruits
54464,2625,Fruits
54474,2625,Fruits
54478,2625,Fruits
54479,2625,Fruits
54481,2625,Fruits
54482,2625,Fruits
54483,2625,Fruits
54484,2625,Fruits
54485,2625,Fruits
54489,2625,Fruits
54491,2625,Fruits
54495,2625,Fruits
54496,2625,Fruits
54497,2625,Fruits
54498,2625,Fruits
54499,2625,Fruits
54500,2625,Fruits
54536,2625,Fruits
54561,2625,Fruits
54578,2625,Fruits
54604,2625,Fruits
54605,2625,Fruits
54608,2625,Fruits
54613,2625,Fruits
54614,2625,Fruits
54621,2625,Fruits
54625,2625,Fruits
54627,2625,Fruits
54642,2625,Fruits
54651,2625,Fruits
55396,2625,Fruits
55469,2625,Fruits
57123,2625,Fruits
64384,2625,Fruits
64412,2625,Fruits
64462,2625,Fruits
64539,2625,Fruits
64542,2625,Fruits
74320,2625,Fruits
74374,2625,Fruits
74403,2625,Fruits
74408,2625,Fruits
74468,2625,Fruits
74475,2625,Fruits
74487,2625,Fruits
74502,2625,Fruits
74548,2625,Fruits
74549,2625,Fruits
74550,2625,Fruits
74552,2625,Fruits
74557,2625,Fruits
74580,2625,Fruits
74582,2625,Fruits
74583,2625,Fruits
74589,2625,Fruits
74593,2625,Fruits
74595,2625,Fruits
74615,2625,Fruits
74617,2625,Fruits
74618,2625,Fruits
74629,2625,Fruits
74634,2625,Fruits
84248,2625,Fruits
84250,2625,Fruits
84251,2625,Fruits
84254,2625,Fruits
84295,2625,Fruits
84296,2625,Fruits
84308,2625,Fruits
84309,2625,Fruits
84347,2625,Fruits
84375,2625,Fruits
84381,2625,Fruits
84406,2625,Fruits
84432,2625,Fruits
84435,2625,Fruits
84440,2625,Fruits
84443,2625,Fruits
84480,2625,Fruits
84494,2625,Fruits
84501,2625,Fruits
84510,2625,Fruits
84533,2625,Fruits
84541,2625,Fruits
84562,2625,Fruits
84581,2625,Fruits
84622,2625,Fruits
84623,2625,Fruits
84635,2625,Fruits
84636,2625,Fruits
84639,2625,Fruits
84643,2625,Fruits
94245,2625,Fruits
94247,2625,Fruits
94275,2625,Fruits
94276,2625,Fruits
94278,2625,Fruits
94298,2625,Fruits
94299,2625,Fruits
94300,2625,Fruits
94301,2625,Fruits
94302,2625,Fruits
94306,2625,Fruits
94311,2625,Fruits
94314,2625,Fruits
94317,2625,Fruits
94318,2625,Fruits
94319,2625,Fruits
94348,2625,Fruits
94349,2625,Fruits
94350,2625,Fruits
94351,2625,Fruits
94352,2625,Fruits
94354,2625,Fruits
94367,2625,Fruits
94368,2625,Fruits
94371,2625,Fruits
94378,2625,Fruits
94379,2625,Fruits
94390,2625,Fruits
94399,2625,Fruits
94407,2625,Fruits
94411,2625,Fruits
94414,2625,Fruits
94420,2625,Fruits
94433,2625,Fruits
94436,2625,Fruits
94438,2625,Fruits
94439,2625,Fruits
94460,2625,Fruits
94461,2625,Fruits
94463,2625,Fruits
94465,2625,Fruits
94467,2625,Fruits
94469,2625,Fruits
94492,2625,Fruits
94504,2625,Fruits
94505,2625,Fruits
94507,2625,Fruits
94512,2625,Fruits
94517,2625,Fruits
94518,2625,Fruits
94538,2625,Fruits
94543,2625,Fruits
94546,2625,Fruits
94554,2625,Fruits
94555,2625,Fruits
94556,2625,Fruits
94559,2625,Fruits
94560,2625,Fruits
94564,2625,Fruits
94565,2625,Fruits
94575,2625,Fruits
94579,2625,Fruits
94585,2625,Fruits
94587,2625,Fruits
94594,2625,Fruits
94596,2625,Fruits
94599,2625,Fruits
94606,2625,Fruits
94609,2625,Fruits
94610,2625,Fruits
94611,2625,Fruits
94612,2625,Fruits
94616,2625,Fruits
94626,2625,Fruits
94628,2625,Fruits
94631,2625,Fruits
94641,2625,Fruits
94649,2625,Fruits
95081,2625,Fruits
96298,2625,Fruits
96696,2625,Fruits
96697,2625,Fruits
104249,2625,Fruits
104252,2625,Fruits
104253,2625,Fruits
104255,2625,Fruits
104279,2625,Fruits
104294,2625,Fruits
104305,2625,Fruits
104315,2625,Fruits
104364,2625,Fruits
104365,2625,Fruits
104373,2625,Fruits
104376,2625,Fruits
104404,2625,Fruits
104409,2625,Fruits
104437,2625,Fruits
104441,2625,Fruits
104476,2625,Fruits
104488,2625,Fruits
104490,2625,Fruits
104503,2625,Fruits
104508,2625,Fruits
104516,2625,Fruits
104532,2625,Fruits
104537,2625,Fruits
104588,2625,Fruits
104619,2625,Fruits
104624,2625,Fruits
104632,2625,Fruits
104637,2625,Fruits
104638,2625,Fruits
104648,2625,Fruits
105491,2625,Fruits
14591,2613,Grapefruit and products
54597,2613,Grapefruit and products
94394,2613,Grapefruit and products
94598,2613,Grapefruit and products
104393,2613,Grapefruit and products
96304,2613,Grapes and products
14395,2620,Grapes and products (excl wine)
24391,2620,Grapes and products (excl wine)
24600,2620,Grapes and products (excl wine)
44396,2620,Grapes and products (excl wine)
54398,2620,Grapes and products (excl wine)
74392,2620,Grapes and products (excl wine)
74601,2620,Grapes and products (excl wine)
94397,2620,Grapes and products (excl wine)
94602,2620,Grapes and products (excl wine)
94603,2620,Grapes and products (excl wine)
96305,2572,Groundnut Oil
106281,2572,Groundnut Oil
85278,2556,Groundnuts (Shelled Eq)
85280,2556,Groundnuts (Shelled Eq)
105277,2556,Groundnuts (Shelled Eq)
105279,2556,Groundnuts (Shelled Eq)
105281,2556,Groundnuts (Shelled Eq)
105282,2556,Groundnuts (Shelled Eq)
105458,2556,Groundnuts (Shelled Eq)
105459,2556,Groundnuts (Shelled Eq)
105460,2556,Groundnuts (Shelled Eq)
105461,2556,Groundnuts (Shelled Eq)
105462,2556,Groundnuts (Shelled Eq)
105463,2556,Groundnuts (Shelled Eq)
16540,2745,Honey
26541,2745,Honey
76544,2745,Honey
106543,2745,Honey
53767,9002,Insects
53768,9002,Insects
53790,9002,Insects
54201,9002,Insects
54202,9002,Insects
66055,9002,Insects
103766,9002,Insects
104208,9002,Insects
104209,9002,Insects
104210,9002,Insects
105588,9002,Insects
14449,2612,Lemons
14450,2612,Lemons
14458,2612,Lemons
24452,2612,Lemons
24454,2612,Lemons
24456,2612,Lemons
44447,2612,Lemons
54455,2612,Lemons
64425,2612,Lemons
64444,2612,Lemons
74427,2612,Lemons
94445,2612,Lemons
94448,2612,Lemons
94453,2612,Lemons
94457,2612,Lemons
94459,2612,Lemons
104426,2612,Lemons
104451,2612,Lemons
14757,2514,Maize and products
14809,2514,Maize and products
14816,2514,Maize and products
24721,2514,Maize and products
24795,2514,Maize and products
24808,2514,Maize and products
24866,2514,Maize and products
44782,2514,Maize and products
44783,2514,Maize and products
44784,2514,Maize and products
54771,2514,Maize and products
54789,2514,Maize and products
54801,2514,Maize and products
54802,2514,Maize and products
54803,2514,Maize and products
54810,2514,Maize and products
54814,2514,Maize and products
54815,2514,Maize and products
54817,2514,Maize and products
64772,2514,Maize and products
64773,2514,Maize and products
64776,2514,Maize and products
64777,2514,Maize and products
64779,2514,Maize and products
64780,2514,Maize and products
64785,2514,Maize and products
64787,2514,Maize and products
64807,2514,Maize and products
64818,2514,Maize and products
74723,2514,Maize and products
74754,2514,Maize and products
74769,2514,Maize and products
74774,2514,Maize and products
74775,2514,Maize and products
74778,2514,Maize and products
74781,2514,Maize and products
74788,2514,Maize and products
74790,2514,Maize and products
74791,2514,Maize and products
74793,2514,Maize and products
74867,2514,Maize and products
76549,2514,Maize and products
84753,2514,Maize and products
84792,2514,Maize and products
84806,2514,Maize and products
94667,2514,Maize and products
94722,2514,Maize and products
94741,2514,Maize and products
94755,2514,Maize and products
94756,2514,Maize and products
94758,2514,Maize and products
94759,2514,Maize and products
94760,2514,Maize and products
94761,2514,Maize and products
94762,2514,Maize and products
94763,2514,Maize and products
94764,2514,Maize and products
94765,2514,Maize and products
94766,2514,Maize and products
94767,2514,Maize and products
94768,2514,Maize and products
94794,2514,Maize and products
94821,2514,Maize and products
94862,2514,Maize and products
94863,2514,Maize and products
95006,2514,Maize and products
95014,2514,Maize and products
103708,2514,Maize and products
103709,2514,Maize and products
103710,2514,Maize and products
103711,2514,Maize and products
104796,2514,Maize and products
104797,2514,Maize and products
104798,2514,Maize and products
104800,2514,Maize and products
104804,2514,Maize and products
104805,2514,Maize and products
104811,2514,Maize and products
104813,2514,Maize and products
104819,2514,Maize and products
104820,2514,Maize and products
26264,2582,Maize Germ Oil
66287,2582,Maize Germ Oil
96301,2582,Maize Germ Oil
126602,2582,Maize Germ Oil
13954,2764,Marine Fish
54015,2764,Marine Fish
54016,2764,Marine Fish
94033,2764,Marine Fish
94034,2764,Marine Fish
14131,2764,Marine Fish
54126,2764,Marine Fish
74125,2764,Marine Fish
84129,2764,Marine Fish
84130,2764,Marine Fish
94098,2764,Marine Fish
94099,2764,Marine Fish
94105,2764,Marine Fish
94106,2764,Marine Fish
94127,2764,Marine Fish
94128,2764,Marine Fish
16113,2848,Milk - Excluding Butter
16122,2848,Milk - Excluding Butter
16174,2848,Milk - Excluding Butter
16202,2848,Milk - Excluding Butter
16203,2848,Milk - Excluding Butter
16213,2848,Milk - Excluding Butter
16220,2848,Milk - Excluding Butter
16221,2848,Milk - Excluding Butter
26154,2848,Milk - Excluding Butter
26159,2848,Milk - Excluding Butter
26160,2848,Milk - Excluding Butter
26161,2848,Milk - Excluding Butter
26164,2848,Milk - Excluding Butter
26165,2848,Milk - Excluding Butter
26192,2848,Milk - Excluding Butter
26193,2848,Milk - Excluding Butter
26194,2848,Milk - Excluding Butter
26200,2848,Milk - Excluding Butter
26201,2848,Milk - Excluding Butter
26214,2848,Milk - Excluding Butter
26216,2848,Milk - Excluding Butter
26236,2848,Milk - Excluding Butter
46112,2848,Milk - Excluding Butter
46175,2848,Milk - Excluding Butter
56189,2848,Milk - Excluding Butter
56206,2848,Milk - Excluding Butter
56207,2848,Milk - Excluding Butter
56212,2848,Milk - Excluding Butter
56222,2848,Milk - Excluding Butter
66199,2848,Milk - Excluding Butter
66209,2848,Milk - Excluding Butter
66210,2848,Milk - Excluding Butter
66217,2848,Milk - Excluding Butter
66229,2848,Milk - Excluding Butter
76123,2848,Milk - Excluding Butter
76126,2848,Milk - Excluding Butter
76128,2848,Milk - Excluding Butter
76134,2848,Milk - Excluding Butter
76166,2848,Milk - Excluding Butter
76185,2848,Milk - Excluding Butter
76188,2848,Milk - Excluding Butter
76195,2848,Milk - Excluding Butter
76196,2848,Milk - Excluding Butter
76198,2848,Milk - Excluding Butter
76205,2848,Milk - Excluding Butter
86132,2848,Milk - Excluding Butter
86184,2848,Milk - Excluding Butter
86190,2848,Milk - Excluding Butter
86191,2848,Milk - Excluding Butter
86197,2848,Milk - Excluding Butter
86208,2848,Milk - Excluding Butter
96114,2848,Milk - Excluding Butter
96115,2848,Milk - Excluding Butter
96116,2848,Milk - Excluding Butter
96117,2848,Milk - Excluding Butter
96118,2848,Milk - Excluding Butter
96120,2848,Milk - Excluding Butter
96121,2848,Milk - Excluding Butter
96124,2848,Milk - Excluding Butter
96125,2848,Milk - Excluding Butter
96127,2848,Milk - Excluding Butter
96129,2848,Milk - Excluding Butter
96130,2848,Milk - Excluding Butter
96131,2848,Milk - Excluding Butter
96133,2848,Milk - Excluding Butter
96135,2848,Milk - Excluding Butter
96137,2848,Milk - Excluding Butter
96138,2848,Milk - Excluding Butter
96139,2848,Milk - Excluding Butter
96141,2848,Milk - Excluding Butter
96143,2848,Milk - Excluding Butter
96144,2848,Milk - Excluding Butter
96145,2848,Milk - Excluding Butter
96146,2848,Milk - Excluding Butter
96147,2848,Milk - Excluding Butter
96148,2848,Milk - Excluding Butter
96149,2848,Milk - Excluding Butter
96150,2848,Milk - Excluding Butter
96151,2848,Milk - Excluding Butter
96152,2848,Milk - Excluding Butter
96153,2848,Milk - Excluding Butter
96155,2848,Milk - Excluding Butter
96156,2848,Milk - Excluding Butter
96157,2848,Milk - Excluding Butter
96158,2848,Milk - Excluding Butter
96162,2848,Milk - Excluding Butter
96163,2848,Milk - Excluding Butter
96180,2848,Milk - Excluding Butter
96182,2848,Milk - Excluding Butter
96237,2848,Milk - Excluding Butter
96238,2848,Milk - Excluding Butter
96239,2848,Milk - Excluding Butter
96240,2848,Milk - Excluding Butter
106119,2848,Milk - Excluding Butter
106136,2848,Milk - Excluding Butter
106140,2848,Milk - Excluding Butter
106183,2848,Milk - Excluding Butter
106186,2848,Milk - Excluding Butter
106187,2848,Milk - Excluding Butter
106204,2848,Milk - Excluding Butter
106211,2848,Milk - Excluding Butter
106215,2848,Milk - Excluding Butter
106218,2848,Milk - Excluding Butter
106233,2848,Milk - Excluding Butter
106234,2848,Milk - Excluding Butter
106235,2848,Milk - Excluding Butter
14829,2517,Millet and products
14838,2517,Millet and products
14839,2517,Millet and products
44826,2517,Millet and products
44833,2517,Millet and products
44834,2517,Millet and products
44835,2517,Millet and products
63714,2517,Millet and products
64823,2517,Millet and products
64825,2517,Millet and products
84822,2517,Millet and products
84827,2517,Millet and products
84830,2517,Millet and products
84832,2517,Millet and products
84841,2517,Millet and products
84842,2517,Millet and products
94824,2517,Millet and products
94828,2517,Millet and products
94840,2517,Millet and products
104836,2517,Millet and products
104837,2517,Millet and products
104843,2517,Millet and products
104844,2517,Millet and products
104865,2517,Millet and products
14211,2767,Molluscs
53769,2767,Molluscs
74214,2767,Molluscs
74220,2767,Molluscs
84239,2767,Molluscs
93765,2767,Molluscs
93770,2767,Molluscs
93771,2767,Molluscs
94212,2767,Molluscs
94213,2767,Molluscs
94217,2767,Molluscs
94218,2767,Molluscs
94219,2767,Molluscs
94227,2767,Molluscs
94243,2767,Molluscs
94244,2767,Molluscs
15847,2732,Mutton & Goat Meat
15875,2732,Mutton & Goat Meat
16223,2732,Mutton & Goat Meat
25872,2732,Mutton & Goat Meat
25873,2732,Mutton & Goat Meat
26224,2732,Mutton & Goat Meat
26283,2732,Mutton & Goat Meat
45837,2732,Mutton & Goat Meat
55844,2732,Mutton & Goat Meat
55845,2732,Mutton & Goat Meat
55933,2732,Mutton & Goat Meat
65841,2732,Mutton & Goat Meat
65849,2732,Mutton & Goat Meat
65931,2732,Mutton & Goat Meat
65932,2732,Mutton & Goat Meat
65934,2732,Mutton & Goat Meat
75878,2732,Mutton & Goat Meat
75891,2732,Mutton & Goat Meat
75895,2732,Mutton & Goat Meat
75896,2732,Mutton & Goat Meat
75911,2732,Mutton & Goat Meat
76042,2732,Mutton & Goat Meat
76226,2732,Mutton & Goat Meat
85843,2732,Mutton & Goat Meat
85851,2732,Mutton & Goat Meat
85852,2732,Mutton & Goat Meat
86043,2732,Mutton & Goat Meat
86044,2732,Mutton & Goat Meat
86225,2732,Mutton & Goat Meat
86227,2732,Mutton & Goat Meat
86231,2732,Mutton & Goat Meat
86232,2732,Mutton & Goat Meat
95842,2732,Mutton & Goat Meat
95850,2732,Mutton & Goat Meat
95883,2732,Mutton & Goat Meat
95884,2732,Mutton & Goat Meat
95885,2732,Mutton & Goat Meat
95886,2732,Mutton & Goat Meat
95887,2732,Mutton & Goat Meat
95897,2732,Mutton & Goat Meat
95898,2732,Mutton & Goat Meat
95899,2732,Mutton & Goat Meat
95900,2732,Mutton & Goat Meat
95901,2732,Mutton & Goat Meat
95902,2732,Mutton & Goat Meat
95907,2732,Mutton & Goat Meat
95908,2732,Mutton & Goat Meat
95912,2732,Mutton & Goat Meat
95913,2732,Mutton & Goat Meat
95914,2732,Mutton & Goat Meat
95915,2732,Mutton & Goat Meat
95916,2732,Mutton & Goat Meat
95917,2732,Mutton & Goat Meat
95918,2732,Mutton & Goat Meat
96230,2732,Mutton & Goat Meat
96272,2732,Mutton & Goat Meat
105846,2732,Mutton & Goat Meat
105848,2732,Mutton & Goat Meat
105876,2732,Mutton & Goat Meat
105877,2732,Mutton & Goat Meat
106228,2732,Mutton & Goat Meat
15406,2551,Nuts and products
15417,2551,Nuts and products
15514,2551,Nuts and products
15535,2551,Nuts and products
15581,2551,Nuts and products
16328,2551,Nuts and products
25464,2551,Nuts and products
25507,2551,Nuts and products
45508,2551,Nuts and products
46329,2551,Nuts and products
55398,2551,Nuts and products
55403,2551,Nuts and products
55404,2551,Nuts and products
55495,2551,Nuts and products
55510,2551,Nuts and products
55518,2551,Nuts and products
55519,2551,Nuts and products
65401,2551,Nuts and products
65488,2551,Nuts and products
65538,2551,Nuts and products
75273,2551,Nuts and products
75515,2551,Nuts and products
75582,2551,Nuts and products
85501,2551,Nuts and products
85509,2551,Nuts and products
85511,2551,Nuts and products
85512,2551,Nuts and products
85513,2551,Nuts and products
85516,2551,Nuts and products
85517,2551,Nuts and products
86253,2551,Nuts and products
86330,2551,Nuts and products
86331,2551,Nuts and products
95270,2551,Nuts and products
95271,2551,Nuts and products
95272,2551,Nuts and products
95274,2551,Nuts and products
95275,2551,Nuts and products
95276,2551,Nuts and products
95390,2551,Nuts and products
95400,2551,Nuts and products
95405,2551,Nuts and products
95407,2551,Nuts and products
95450,2551,Nuts and products
95451,2551,Nuts and products
95465,2551,Nuts and products
95466,2551,Nuts and products
95467,2551,Nuts and products
95489,2551,Nuts and products
95490,2551,Nuts and products
95496,2551,Nuts and products
95497,2551,Nuts and products
95498,2551,Nuts and products
95499,2551,Nuts and products
95522,2551,Nuts and products
95536,2551,Nuts and products
95583,2551,Nuts and products
95584,2551,Nuts and products
96297,2551,Nuts and products
96306,2551,Nuts and products
96315,2551,Nuts and products
96321,2551,Nuts and products
96769,2551,Nuts and products
96770,2551,Nuts and products
96771,2551,Nuts and products
96772,2551,Nuts and products
96773,2551,Nuts and products
105402,2551,Nuts and products
105418,2551,Nuts and products
105419,2551,Nuts and products
105447,2551,Nuts and products
105500,2551,Nuts and products
105552,2551,Nuts and products
106337,2551,Nuts and products
74860,2516,Oats
94654,2516,Oats
94678,2516,Oats
94679,2516,Oats
94857,2516,Oats
94858,2516,Oats
94859,2516,Oats
94861,2516,Oats
15638,2736,Offals
15771,2736,Offals
15874,2736,Offals
25709,2736,Offals
25722,2736,Offals
25865,2736,Offals
25869,2736,Offals
25871,2736,Offals
25888,2736,Offals
25923,2736,Offals
25926,2736,Offals
26024,2736,Offals
26025,2736,Offals
26047,2736,Offals
26053,2736,Offals
26054,2736,Offals
26056,2736,Offals
55595,2736,Offals
55625,2736,Offals
55634,2736,Offals
55676,2736,Offals
55693,2736,Offals
55694,2736,Offals
55695,2736,Offals
55724,2736,Offals
55725,2736,Offals
55747,2736,Offals
55750,2736,Offals
55751,2736,Offals
55755,2736,Offals
55756,2736,Offals
55767,2736,Offals
55783,2736,Offals
55802,2736,Offals
55803,2736,Offals
55804,2736,Offals
55805,2736,Offals
55806,2736,Offals
55807,2736,Offals
55809,2736,Offals
55810,2736,Offals
55811,2736,Offals
55812,2736,Offals
55813,2736,Offals
55815,2736,Offals
55840,2736,Offals
55924,2736,Offals
55944,2736,Offals
55945,2736,Offals
55946,2736,Offals
56057,2736,Offals
56109,2736,Offals
56110,2736,Offals
65626,2736,Offals
65635,2736,Offals
65838,2736,Offals
65839,2736,Offals
65970,2736,Offals
75618,2736,Offals
75624,2736,Offals
75627,2736,Offals
75639,2736,Offals
75686,2736,Offals
75768,2736,Offals
75781,2736,Offals
75864,2736,Offals
75892,2736,Offals
75975,2736,Offals
76045,2736,Offals
85744,2736,Offals
86046,2736,Offals
95600,2736,Offals
95601,2736,Offals
95619,2736,Offals
95620,2736,Offals
95630,2736,Offals
95631,2736,Offals
95636,2736,Offals
95640,2736,Offals
95644,2736,Offals
95645,2736,Offals
95677,2736,Offals
95678,2736,Offals
95682,2736,Offals
95683,2736,Offals
95688,2736,Offals
95745,2736,Offals
95746,2736,Offals
95748,2736,Offals
95749,2736,Offals
95752,2736,Offals
95753,2736,Offals
95769,2736,Offals
95772,2736,Offals
95808,2736,Offals
95855,2736,Offals
95879,2736,Offals
95881,2736,Offals
95889,2736,Offals
95890,2736,Offals
95893,2736,Offals
95894,2736,Offals
95903,2736,Offals
95905,2736,Offals
95909,2736,Offals
95910,2736,Offals
95919,2736,Offals
95920,2736,Offals
95921,2736,Offals
95922,2736,Offals
95939,2736,Offals
95940,2736,Offals
95959,2736,Offals
95960,2736,Offals
95966,2736,Offals
95967,2736,Offals
95968,2736,Offals
95971,2736,Offals
95972,2736,Offals
95976,2736,Offals
95977,2736,Offals
95998,2736,Offals
95999,2736,Offals
96016,2736,Offals
96017,2736,Offals
96018,2736,Offals
96019,2736,Offals
96020,2736,Offals
96060,2736,Offals
96061,2736,Offals
96062,2736,Offals
96063,2736,Offals
96064,2736,Offals
96065,2736,Offals
96066,2736,Offals
96067,2736,Offals
96073,2736,Offals
96074,2736,Offals
96080,2736,Offals
96081,2736,Offals
96082,2736,Offals
96083,2736,Offals
96086,2736,Offals
96087,2736,Offals
96090,2736,Offals
96091,2736,Offals
96104,2736,Offals
96105,2736,Offals
96106,2736,Offals
96107,2736,Offals
105628,2736,Offals
105629,2736,Offals
105637,2736,Offals
105641,2736,Offals
105687,2736,Offals
105689,2736,Offals
105720,2736,Offals
105721,2736,Offals
105770,2736,Offals
105773,2736,Offals
105880,2736,Offals
105882,2736,Offals
105904,2736,Offals
105906,2736,Offals
16265,2586,Oilcrops Oil
26266,2586,Oilcrops Oil
46282,2586,Oilcrops Oil
46286,2586,Oilcrops Oil
46334,2586,Oilcrops Oil
76295,2586,Oilcrops Oil
96302,2586,Oilcrops Oil
96308,2586,Oilcrops Oil
96311,2586,Oilcrops Oil
96313,2586,Oilcrops Oil
96318,2586,Oilcrops Oil
106267,2586,Oilcrops Oil
126600,2586,Oilcrops Oil
126601,2586,Oilcrops Oil
126606,2586,Oilcrops Oil
15485,2570,Oilcrops
45484,2570,Oilcrops
45541,2570,Oilcrops
95544,2570,Oilcrops
26323,2580,Olive Oil
96309,2580,Olive Oil
27102,2563,Olives (including preserved)
77103,2563,Olives (including preserved)
97104,2563,Olives (including preserved)
17114,2602,Onions
27105,2602,Onions
27109,2602,Onions
27111,2602,Onions
47107,2602,Onions
47115,2602,Onions
57184,2602,Onions
67106,2602,Onions
77119,2602,Onions
77121,2602,Onions
87110,2602,Onions
87112,2602,Onions
97116,2602,Onions
97118,2602,Onions
97120,2602,Onions
97185,2602,Onions
107108,2602,Onions
107113,2602,Onions
107117,2602,Onions
14526,2611,Oranges
14531,2611,Oranges
24471,2611,Oranges
24519,2611,Oranges
44520,2611,Oranges
54529,2611,Oranges
64644,2611,Oranges
74470,2611,Oranges
74525,2611,Oranges
84530,2611,Oranges
94322,2611,Oranges
94527,2611,Oranges
94645,2611,Oranges
104321,2611,Oranges
104528,2611,Oranges
16324,2577,Palm Oil
56333,2577,Palm Oil
86325,2577,Palm Oil
96310,2577,Palm Oil
106326,2577,Palm Oil
106327,2577,Palm Oil
126603,2577,Palm Oil
15502,2547,Peas
15503,2547,Peas
17136,2547,Peas
25504,2547,Peas
26673,2547,Peas
27128,2547,Peas
55505,2547,Peas
55506,2547,Peas
56674,2547,Peas
76675,2547,Peas
77135,2547,Peas
86676,2547,Peas
87134,2547,Peas
95520,2547,Peas
95521,2547,Peas
96679,2547,Peas
96680,2547,Peas
96681,2547,Peas
96682,2547,Peas
97127,2547,Peas
97129,2547,Peas
97130,2547,Peas
97131,2547,Peas
97132,2547,Peas
97133,2547,Peas
13951,2763,Pelagic Fish
13955,2763,Pelagic Fish
13978,2763,Pelagic Fish
14027,2763,Pelagic Fish
14028,2763,Pelagic Fish
14029,2763,Pelagic Fish
14030,2763,Pelagic Fish
14166,2763,Pelagic Fish
24052,2763,Pelagic Fish
24057,2763,Pelagic Fish
24068,2763,Pelagic Fish
53827,2763,Pelagic Fish
53831,2763,Pelagic Fish
53837,2763,Pelagic Fish
53900,2763,Pelagic Fish
53901,2763,Pelagic Fish
53902,2763,Pelagic Fish
53903,2763,Pelagic Fish
53921,2763,Pelagic Fish
53970,2763,Pelagic Fish
53975,2763,Pelagic Fish
53980,2763,Pelagic Fish
53984,2763,Pelagic Fish
53985,2763,Pelagic Fish
53986,2763,Pelagic Fish
54026,2763,Pelagic Fish
54083,2763,Pelagic Fish
54084,2763,Pelagic Fish
54085,2763,Pelagic Fish
54104,2763,Pelagic Fish
54164,2763,Pelagic Fish
54176,2763,Pelagic Fish
74167,2763,Pelagic Fish
83828,2763,Pelagic Fish
83838,2763,Pelagic Fish
83956,2763,Pelagic Fish
83983,2763,Pelagic Fish
84173,2763,Pelagic Fish
93839,2763,Pelagic Fish
93840,2763,Pelagic Fish
93849,2763,Pelagic Fish
93971,2763,Pelagic Fish
93972,2763,Pelagic Fish
93973,2763,Pelagic Fish
93976,2763,Pelagic Fish
93977,2763,Pelagic Fish
93981,2763,Pelagic Fish
93982,2763,Pelagic Fish
94031,2763,Pelagic Fish
94032,2763,Pelagic Fish
94048,2763,Pelagic Fish
94049,2763,Pelagic Fish
94050,2763,Pelagic Fish
94053,2763,Pelagic Fish
94054,2763,Pelagic Fish
94055,2763,Pelagic Fish
94056,2763,Pelagic Fish
94058,2763,Pelagic Fish
94059,2763,Pelagic Fish
94060,2763,Pelagic Fish
94061,2763,Pelagic Fish
94062,2763,Pelagic Fish
94063,2763,Pelagic Fish
94064,2763,Pelagic Fish
94065,2763,Pelagic Fish
94066,2763,Pelagic Fish
94067,2763,Pelagic Fish
94069,2763,Pelagic Fish
94070,2763,Pelagic Fish
94140,2763,Pelagic Fish
94141,2763,Pelagic Fish
94165,2763,Pelagic Fish
94168,2763,Pelagic Fish
94169,2763,Pelagic Fish
94172,2763,Pelagic Fish
94174,2763,Pelagic Fish
94175,2763,Pelagic Fish
94177,2763,Pelagic Fish
94178,2763,Pelagic Fish
96276,2763,Pelagic Fish
96277,2763,Pelagic Fish
96278,2763,Pelagic Fish
103829,2763,Pelagic Fish
103830,2763,Pelagic Fish
103974,2763,Pelagic Fish
103979,2763,Pelagic Fish
104107,2763,Pelagic Fish
104108,2763,Pelagic Fish
104170,2763,Pelagic Fish
104171,2763,Pelagic Fish
16003,2733,Pigmeat
45952,2733,Pigmeat
65969,2733,Pigmeat
65973,2733,Pigmeat
66007,2733,Pigmeat
75834,2733,Pigmeat
75863,2733,Pigmeat
75953,2733,Pigmeat
75954,2733,Pigmeat
75955,2733,Pigmeat
75963,2733,Pigmeat
75964,2733,Pigmeat
76011,2733,Pigmeat
86010,2733,Pigmeat
95956,2733,Pigmeat
95957,2733,Pigmeat
95958,2733,Pigmeat
95961,2733,Pigmeat
95962,2733,Pigmeat
95965,2733,Pigmeat
95974,2733,Pigmeat
95978,2733,Pigmeat
95979,2733,Pigmeat
95980,2733,Pigmeat
95981,2733,Pigmeat
95982,2733,Pigmeat
95983,2733,Pigmeat
95984,2733,Pigmeat
95985,2733,Pigmeat
95986,2733,Pigmeat
95987,2733,Pigmeat
95988,2733,Pigmeat
95989,2733,Pigmeat
95990,2733,Pigmeat
95991,2733,Pigmeat
95992,2733,Pigmeat
95993,2733,Pigmeat
95994,2733,Pigmeat
95995,2733,Pigmeat
95996,2733,Pigmeat
95997,2733,Pigmeat
96000,2733,Pigmeat
96004,2733,Pigmeat
96008,2733,Pigmeat
96009,2733,Pigmeat
96012,2733,Pigmeat
96013,2733,Pigmeat
96014,2733,Pigmeat
96015,2733,Pigmeat
96021,2733,Pigmeat
96022,2733,Pigmeat
106001,2733,Pigmeat
106002,2733,Pigmeat
106005,2733,Pigmeat
106006,2733,Pigmeat
76285,2733,Pigmeat 
86332,2733,Pigmeat 
96284,2733,Pigmeat 
14568,2618,Pineapples and products
14574,2618,Pineapples and products
24573,2618,Pineapples and products
54566,2618,Pineapples and products
84571,2618,Pineapples and products
94572,2618,Pineapples and products
104570,2618,Pineapples and products
16396,2531,Potatoes and products
16401,2531,Potatoes and products
16402,2531,Potatoes and products
26412,2531,Potatoes and products
26414,2531,Potatoes and products
46395,2531,Potatoes and products
56399,2531,Potatoes and products
56409,2531,Potatoes and products
66403,2531,Potatoes and products
66404,2531,Potatoes and products
66410,2531,Potatoes and products
66478,2531,Potatoes and products
76398,2531,Potatoes and products
76415,2531,Potatoes and products
76537,2531,Potatoes and products
86406,2531,Potatoes and products
96405,2531,Potatoes and products
96407,2531,Potatoes and products
96416,2531,Potatoes and products
96417,2531,Potatoes and products
96418,2531,Potatoes and products
96419,2531,Potatoes and products
106400,2531,Potatoes and products
106408,2531,Potatoes and products
15730,2734,Poultry Meat
15762,2734,Poultry Meat
25717,2734,Poultry Meat
25719,2734,Poultry Meat
25723,2734,Poultry Meat
26257,2734,Poultry Meat
46023,2734,Poultry Meat
55731,2734,Poultry Meat
55734,2734,Poultry Meat
55757,2734,Poultry Meat
55774,2734,Poultry Meat
55784,2734,Poultry Meat
55789,2734,Poultry Meat
56258,2734,Poultry Meat
65782,2734,Poultry Meat
75718,2734,Poultry Meat
75732,2734,Poultry Meat
75754,2734,Poultry Meat
85733,2734,Poultry Meat
95726,2734,Poultry Meat
95727,2734,Poultry Meat
95728,2734,Poultry Meat
95729,2734,Poultry Meat
95739,2734,Poultry Meat
95740,2734,Poultry Meat
95741,2734,Poultry Meat
95742,2734,Poultry Meat
95743,2734,Poultry Meat
95758,2734,Poultry Meat
95759,2734,Poultry Meat
95760,2734,Poultry Meat
95761,2734,Poultry Meat
95775,2734,Poultry Meat
95776,2734,Poultry Meat
95777,2734,Poultry Meat
95778,2734,Poultry Meat
95779,2734,Poultry Meat
95780,2734,Poultry Meat
95785,2734,Poultry Meat
95786,2734,Poultry Meat
95787,2734,Poultry Meat
95788,2734,Poultry Meat
95790,2734,Poultry Meat
95791,2734,Poultry Meat
95792,2734,Poultry Meat
95793,2734,Poultry Meat
96269,2734,Poultry Meat
96270,2734,Poultry Meat
96271,2734,Poultry Meat
96273,2734,Poultry Meat
105735,2734,Poultry Meat
105736,2734,Poultry Meat
105737,2734,Poultry Meat
105738,2734,Poultry Meat
105763,2734,Poultry Meat
105764,2734,Poultry Meat
105765,2734,Poultry Meat
105766,2734,Poultry Meat
15391,2549,Pulses
15392,2549,Pulses
15393,2549,Pulses
15394,2549,Pulses
15395,2549,Pulses
15453,2549,Pulses
15454,2549,Pulses
15455,2549,Pulses
15456,2549,Pulses
15457,2549,Pulses
15473,2549,Pulses
15483,2549,Pulses
15539,2549,Pulses
25412,2549,Pulses
25413,2549,Pulses
25448,2549,Pulses
25474,2549,Pulses
25475,2549,Pulses
45408,2549,Pulses
45410,2549,Pulses
45411,2549,Pulses
45472,2549,Pulses
45523,2549,Pulses
45527,2549,Pulses
55524,2549,Pulses
65528,2549,Pulses
65529,2549,Pulses
65534,2549,Pulses
85476,2549,Pulses
95399,2549,Pulses
95409,2549,Pulses
95414,2549,Pulses
95415,2549,Pulses
95416,2549,Pulses
95477,2549,Pulses
95480,2549,Pulses
95481,2549,Pulses
95482,2549,Pulses
95530,2549,Pulses
95531,2549,Pulses
95532,2549,Pulses
95533,2549,Pulses
105478,2549,Pulses
105479,2549,Pulses
105525,2549,Pulses
105526,2549,Pulses
16294,2574,Rape and Mustard Oil
96299,2574,Rape and Mustard Oil
96307,2574,Rape and Mustard Oil
13713,2805,Rice (Milled Equivalent)
14868,2805,Rice (Milled Equivalent)
14874,2805,Rice (Milled Equivalent)
14876,2805,Rice (Milled Equivalent)
14883,2805,Rice (Milled Equivalent)
14884,2805,Rice (Milled Equivalent)
14885,2805,Rice (Milled Equivalent)
14886,2805,Rice (Milled Equivalent)
14887,2805,Rice (Milled Equivalent)
14888,2805,Rice (Milled Equivalent)
14889,2805,Rice (Milled Equivalent)
14893,2805,Rice (Milled Equivalent)
14899,2805,Rice (Milled Equivalent)
14900,2805,Rice (Milled Equivalent)
14901,2805,Rice (Milled Equivalent)
14905,2805,Rice (Milled Equivalent)
14906,2805,Rice (Milled Equivalent)
14919,2805,Rice (Milled Equivalent)
14920,2805,Rice (Milled Equivalent)
14952,2805,Rice (Milled Equivalent)
14953,2805,Rice (Milled Equivalent)
14954,2805,Rice (Milled Equivalent)
14955,2805,Rice (Milled Equivalent)
24871,2805,Rice (Milled Equivalent)
24881,2805,Rice (Milled Equivalent)
44875,2805,Rice (Milled Equivalent)
44913,2805,Rice (Milled Equivalent)
44917,2805,Rice (Milled Equivalent)
54872,2805,Rice (Milled Equivalent)
54882,2805,Rice (Milled Equivalent)
54892,2805,Rice (Milled Equivalent)
54898,2805,Rice (Milled Equivalent)
54902,2805,Rice (Milled Equivalent)
54908,2805,Rice (Milled Equivalent)
54911,2805,Rice (Milled Equivalent)
54915,2805,Rice (Milled Equivalent)
54916,2805,Rice (Milled Equivalent)
54918,2805,Rice (Milled Equivalent)
54931,2805,Rice (Milled Equivalent)
54932,2805,Rice (Milled Equivalent)
54933,2805,Rice (Milled Equivalent)
54943,2805,Rice (Milled Equivalent)
55018,2805,Rice (Milled Equivalent)
56531,2805,Rice (Milled Equivalent)
56533,2805,Rice (Milled Equivalent)
64921,2805,Rice (Milled Equivalent)
74909,2805,Rice (Milled Equivalent)
74912,2805,Rice (Milled Equivalent)
84890,2805,Rice (Milled Equivalent)
84910,2805,Rice (Milled Equivalent)
84914,2805,Rice (Milled Equivalent)
84922,2805,Rice (Milled Equivalent)
84927,2805,Rice (Milled Equivalent)
94683,2805,Rice (Milled Equivalent)
94684,2805,Rice (Milled Equivalent)
94873,2805,Rice (Milled Equivalent)
94877,2805,Rice (Milled Equivalent)
94878,2805,Rice (Milled Equivalent)
94879,2805,Rice (Milled Equivalent)
94880,2805,Rice (Milled Equivalent)
94894,2805,Rice (Milled Equivalent)
94895,2805,Rice (Milled Equivalent)
94896,2805,Rice (Milled Equivalent)
94897,2805,Rice (Milled Equivalent)
94930,2805,Rice (Milled Equivalent)
94934,2805,Rice (Milled Equivalent)
94935,2805,Rice (Milled Equivalent)
94936,2805,Rice (Milled Equivalent)
94937,2805,Rice (Milled Equivalent)
94938,2805,Rice (Milled Equivalent)
94939,2805,Rice (Milled Equivalent)
94940,2805,Rice (Milled Equivalent)
94941,2805,Rice (Milled Equivalent)
94942,2805,Rice (Milled Equivalent)
94948,2805,Rice (Milled Equivalent)
94949,2805,Rice (Milled Equivalent)
94950,2805,Rice (Milled Equivalent)
94951,2805,Rice (Milled Equivalent)
94956,2805,Rice (Milled Equivalent)
94957,2805,Rice (Milled Equivalent)
104891,2805,Rice (Milled Equivalent)
104904,2805,Rice (Milled Equivalent)
104923,2805,Rice (Milled Equivalent)
104924,2805,Rice (Milled Equivalent)
104925,2805,Rice (Milled Equivalent)
104926,2805,Rice (Milled Equivalent)
104929,2805,Rice (Milled Equivalent)
104944,2805,Rice (Milled Equivalent)
104945,2805,Rice (Milled Equivalent)
104947,2805,Rice (Milled Equivalent)
96312,2581,Ricebran Oil
16355,2534,Roots
16381,2534,Roots
16382,2534,Roots
16383,2534,Roots
16384,2534,Roots
16385,2534,Roots
16386,2534,Roots
16455,2534,Roots
16456,2534,Roots
16473,2534,Roots
16737,2534,Roots
16742,2534,Roots
26356,2534,Roots
26450,2534,Roots
26469,2534,Roots
26472,2534,Roots
26740,2534,Roots
26741,2534,Roots
46388,2534,Roots
46422,2534,Roots
56350,2534,Roots
56353,2534,Roots
56359,2534,Roots
56390,2534,Roots
56394,2534,Roots
56451,2534,Roots
56452,2534,Roots
56459,2534,Roots
56460,2534,Roots
56468,2534,Roots
56528,2534,Roots
56746,2534,Roots
66453,2534,Roots
66457,2534,Roots
76354,2534,Roots
76391,2534,Roots
76470,2534,Roots
76747,2534,Roots
76847,2534,Roots
86387,2534,Roots
86475,2534,Roots
86745,2534,Roots
96348,2534,Roots
96349,2534,Roots
96351,2534,Roots
96352,2534,Roots
96357,2534,Roots
96358,2534,Roots
96377,2534,Roots
96378,2534,Roots
96389,2534,Roots
96392,2534,Roots
96393,2534,Roots
96420,2534,Roots
96421,2534,Roots
96423,2534,Roots
96424,2534,Roots
96454,2534,Roots
96458,2534,Roots
96461,2534,Roots
96462,2534,Roots
96476,2534,Roots
96477,2534,Roots
96739,2534,Roots
96744,2534,Roots
97125,2534,Roots
97126,2534,Roots
97226,2534,Roots
97227,2534,Roots
106379,2534,Roots
106380,2534,Roots
106463,2534,Roots
106464,2534,Roots
106465,2534,Roots
106466,2534,Roots
106467,2534,Roots
106471,2534,Roots
106474,2534,Roots
106738,2534,Roots
106743,2534,Roots
74959,2515,Rye and products
94682,2515,Rye and products
94693,2515,Rye and products
94960,2515,Rye and products
94961,2515,Rye and products
94962,2515,Rye and products
94963,2515,Rye and products
15549,2561,Sesame seed
25547,2561,Sesame seed
25548,2561,Sesame seed
26558,2561,Sesame seed
95545,2561,Sesame seed
95546,2561,Sesame seed
95550,2561,Sesame seed
105551,2561,Sesame seed
16335,2579,Sesameseed Oil
46336,2579,Sesameseed Oil
96314,2579,Sesameseed Oil
14983,2518,Sorghum and products
24969,2518,Sorghum and products
44979,2518,Sorghum and products
44980,2518,Sorghum and products
44981,2518,Sorghum and products
64975,2518,Sorghum and products
84968,2518,Sorghum and products
84971,2518,Sorghum and products
84973,2518,Sorghum and products
84974,2518,Sorghum and products
84977,2518,Sorghum and products
84982,2518,Sorghum and products
84984,2518,Sorghum and products
84985,2518,Sorghum and products
84986,2518,Sorghum and products
84989,2518,Sorghum and products
94970,2518,Sorghum and products
94972,2518,Sorghum and products
104976,2518,Sorghum and products
104987,2518,Sorghum and products
104988,2518,Sorghum and products
104990,2518,Sorghum and products
104991,2518,Sorghum and products
104992,2518,Sorghum and products
104993,2518,Sorghum and products
16339,2571,Soyabean Oil
46341,2571,Soyabean Oil
96316,2571,Soyabean Oil
106340,2571,Soyabean Oil
15557,2555,Soyabeans
55389,2555,Soyabeans
55556,2555,Soyabeans
55559,2555,Soyabeans
55560,2555,Soyabeans
55566,2555,Soyabeans
55567,2555,Soyabeans
55568,2555,Soyabeans
55569,2555,Soyabeans
55570,2555,Soyabeans
55571,2555,Soyabeans
55572,2555,Soyabeans
55573,2555,Soyabeans
55577,2555,Soyabeans
65558,2555,Soyabeans
95367,2555,Soyabeans
95368,2555,Soyabeans
95369,2555,Soyabeans
95370,2555,Soyabeans
95492,2555,Soyabeans
95493,2555,Soyabeans
95555,2555,Soyabeans
95565,2555,Soyabeans
95574,2555,Soyabeans
95575,2555,Soyabeans
95576,2555,Soyabeans
95578,2555,Soyabeans
95579,2555,Soyabeans
95580,2555,Soyabeans
97187,2555,Soyabeans
97188,2555,Soyabeans
105553,2555,Soyabeans
105554,2555,Soyabeans
126604,2555,Soybean Oil
16574,2542,Sugar (Raw Equivalent)
26553,2542,Sugar (Raw Equivalent)
26559,2542,Sugar (Raw Equivalent)
26584,2542,Sugar (Raw Equivalent)
46566,2542,Sugar (Raw Equivalent)
56561,2542,Sugar (Raw Equivalent)
56568,2542,Sugar (Raw Equivalent)
56573,2542,Sugar (Raw Equivalent)
56585,2542,Sugar (Raw Equivalent)
76567,2542,Sugar (Raw Equivalent)
76572,2542,Sugar (Raw Equivalent)
106560,2542,Sugar (Raw Equivalent)
26551,2537,Sugar beet
16545,2536,Sugar cane
16546,2536,Sugar cane
16547,2536,Sugar cane
26552,2536,Sugar cane
46576,2536,Sugar cane
46578,2536,Sugar cane
56569,2536,Sugar cane
96317,2541,Sunflower Oil
126605,2541,Sunflower Oil
15564,2557,Sunflower seed
45563,2557,Sunflower seed
95562,2557,Sunflower seed
16429,2533,Sweet potatoes
16430,2533,Sweet potatoes
16434,2533,Sweet potatoes
16435,2533,Sweet potatoes
16439,2533,Sweet potatoes
16440,2533,Sweet potatoes
16445,2533,Sweet potatoes
16446,2533,Sweet potatoes
26431,2533,Sweet potatoes
56438,2533,Sweet potatoes
56443,2533,Sweet potatoes
56444,2533,Sweet potatoes
56447,2533,Sweet potatoes
66425,2533,Sweet potatoes
66441,2533,Sweet potatoes
76411,2533,Sweet potatoes
86428,2533,Sweet potatoes
86442,2533,Sweet potatoes
96432,2533,Sweet potatoes
96433,2533,Sweet potatoes
106426,2533,Sweet potatoes
106427,2533,Sweet potatoes
106436,2533,Sweet potatoes
106437,2533,Sweet potatoes
106448,2533,Sweet potatoes
106449,2533,Sweet potatoes
96319,2543,Tomatoe and products
17239,2601,Tomatoes and products
17243,2601,Tomatoes and products
17246,2601,Tomatoes and products
27230,2601,Tomatoes and products
27241,2601,Tomatoes and products
47237,2601,Tomatoes and products
47249,2601,Tomatoes and products
55253,2601,Tomatoes and products
57250,2601,Tomatoes and products
77231,2601,Tomatoes and products
77232,2601,Tomatoes and products
87234,2601,Tomatoes and products
87235,2601,Tomatoes and products
87236,2601,Tomatoes and products
87251,2601,Tomatoes and products
95252,2601,Tomatoes and products
95254,2601,Tomatoes and products
97229,2601,Tomatoes and products
97238,2601,Tomatoes and products
97240,2601,Tomatoes and products
97242,2601,Tomatoes and products
97244,2601,Tomatoes and products
97247,2601,Tomatoes and products
97252,2601,Tomatoes and products
97253,2601,Tomatoes and products
97254,2601,Tomatoes and products
105255,2601,Tomatoes and products
107233,2601,Tomatoes and products
107245,2601,Tomatoes and products
107248,2601,Tomatoes and products
15537,2605,Vegetables
16645,2605,Vegetables
16698,2605,Vegetables
16699,2605,Vegetables
16719,2605,Vegetables
16725,2605,Vegetables
16750,2605,Vegetables
16756,2605,Vegetables
16779,2605,Vegetables
16783,2605,Vegetables
16790,2605,Vegetables
16819,2605,Vegetables
16820,2605,Vegetables
16821,2605,Vegetables
16822,2605,Vegetables
16825,2605,Vegetables
16829,2605,Vegetables
16830,2605,Vegetables
16832,2605,Vegetables
16834,2605,Vegetables
16835,2605,Vegetables
16836,2605,Vegetables
16837,2605,Vegetables
16843,2605,Vegetables
16844,2605,Vegetables
16856,2605,Vegetables
16858,2605,Vegetables
16861,2605,Vegetables
16862,2605,Vegetables
16868,2605,Vegetables
16869,2605,Vegetables
16870,2605,Vegetables
16871,2605,Vegetables
16872,2605,Vegetables
16885,2605,Vegetables
16887,2605,Vegetables
16889,2605,Vegetables
16893,2605,Vegetables
16895,2605,Vegetables
16904,2605,Vegetables
16911,2605,Vegetables
16912,2605,Vegetables
16918,2605,Vegetables
16928,2605,Vegetables
16931,2605,Vegetables
16938,2605,Vegetables
16945,2605,Vegetables
16948,2605,Vegetables
16974,2605,Vegetables
17000,2605,Vegetables
17006,2605,Vegetables
17025,2605,Vegetables
17093,2605,Vegetables
17097,2605,Vegetables
17150,2605,Vegetables
17153,2605,Vegetables
17165,2605,Vegetables
17166,2605,Vegetables
17175,2605,Vegetables
17176,2605,Vegetables
17199,2605,Vegetables
17200,2605,Vegetables
17258,2605,Vegetables
17261,2605,Vegetables
26646,2605,Vegetables
26717,2605,Vegetables
26723,2605,Vegetables
26724,2605,Vegetables
26748,2605,Vegetables
26754,2605,Vegetables
26758,2605,Vegetables
26763,2605,Vegetables
26774,2605,Vegetables
26776,2605,Vegetables
26782,2605,Vegetables
26784,2605,Vegetables
26792,2605,Vegetables
26793,2605,Vegetables
26946,2605,Vegetables
26953,2605,Vegetables
26955,2605,Vegetables
26967,2605,Vegetables
27003,2605,Vegetables
27047,2605,Vegetables
27055,2605,Vegetables
27061,2605,Vegetables
27066,2605,Vegetables
27068,2605,Vegetables
27090,2605,Vegetables
27096,2605,Vegetables
27101,2605,Vegetables
27137,2605,Vegetables
27138,2605,Vegetables
27161,2605,Vegetables
27177,2605,Vegetables
27178,2605,Vegetables
27179,2605,Vegetables
27189,2605,Vegetables
27196,2605,Vegetables
27219,2605,Vegetables
46670,2605,Vegetables
46695,2605,Vegetables
46791,2605,Vegetables
46824,2605,Vegetables
46831,2605,Vegetables
46833,2605,Vegetables
46888,2605,Vegetables
46905,2605,Vegetables
46914,2605,Vegetables
46932,2605,Vegetables
46947,2605,Vegetables
46963,2605,Vegetables
47051,2605,Vegetables
47160,2605,Vegetables
47192,2605,Vegetables
47193,2605,Vegetables
56345,2605,Vegetables
56654,2605,Vegetables
56655,2605,Vegetables
56658,2605,Vegetables
56661,2605,Vegetables
56716,2605,Vegetables
56729,2605,Vegetables
56757,2605,Vegetables
56759,2605,Vegetables
56787,2605,Vegetables
56796,2605,Vegetables
56800,2605,Vegetables
56807,2605,Vegetables
56808,2605,Vegetables
56809,2605,Vegetables
56823,2605,Vegetables
56826,2605,Vegetables
56838,2605,Vegetables
56839,2605,Vegetables
56846,2605,Vegetables
56865,2605,Vegetables
56867,2605,Vegetables
56881,2605,Vegetables
56882,2605,Vegetables
56883,2605,Vegetables
56898,2605,Vegetables
56901,2605,Vegetables
56913,2605,Vegetables
56923,2605,Vegetables
56957,2605,Vegetables
56962,2605,Vegetables
56964,2605,Vegetables
56965,2605,Vegetables
56968,2605,Vegetables
56979,2605,Vegetables
56990,2605,Vegetables
56991,2605,Vegetables
56994,2605,Vegetables
57013,2605,Vegetables
57014,2605,Vegetables
57015,2605,Vegetables
57017,2605,Vegetables
57019,2605,Vegetables
57021,2605,Vegetables
57027,2605,Vegetables
57032,2605,Vegetables
57034,2605,Vegetables
57039,2605,Vegetables
57044,2605,Vegetables
57050,2605,Vegetables
57062,2605,Vegetables
57071,2605,Vegetables
57073,2605,Vegetables
57147,2605,Vegetables
57156,2605,Vegetables
57168,2605,Vegetables
57173,2605,Vegetables
57207,2605,Vegetables
57228,2605,Vegetables
57257,2605,Vegetables
66721,2605,Vegetables
66764,2605,Vegetables
66850,2605,Vegetables
66899,2605,Vegetables
66926,2605,Vegetables
66980,2605,Vegetables
66982,2605,Vegetables
66989,2605,Vegetables
66996,2605,Vegetables
67033,2605,Vegetables
67169,2605,Vegetables
75452,2605,Vegetables
75561,2605,Vegetables
76647,2605,Vegetables
76701,2605,Vegetables
76711,2605,Vegetables
76734,2605,Vegetables
76749,2605,Vegetables
76781,2605,Vegetables
76804,2605,Vegetables
76806,2605,Vegetables
76810,2605,Vegetables
76857,2605,Vegetables
76873,2605,Vegetables
76933,2605,Vegetables
76954,2605,Vegetables
76960,2605,Vegetables
76961,2605,Vegetables
76975,2605,Vegetables
77041,2605,Vegetables
77048,2605,Vegetables
77056,2605,Vegetables
77065,2605,Vegetables
77070,2605,Vegetables
77074,2605,Vegetables
77148,2605,Vegetables
77151,2605,Vegetables
77174,2605,Vegetables
77194,2605,Vegetables
77205,2605,Vegetables
77206,2605,Vegetables
77209,2605,Vegetables
77213,2605,Vegetables
77221,2605,Vegetables
77256,2605,Vegetables
86643,2605,Vegetables
86727,2605,Vegetables
86798,2605,Vegetables
86853,2605,Vegetables
86866,2605,Vegetables
86874,2605,Vegetables
86880,2605,Vegetables
86890,2605,Vegetables
86902,2605,Vegetables
86920,2605,Vegetables
86922,2605,Vegetables
86943,2605,Vegetables
86950,2605,Vegetables
86952,2605,Vegetables
86956,2605,Vegetables
86966,2605,Vegetables
86973,2605,Vegetables
86978,2605,Vegetables
86992,2605,Vegetables
86993,2605,Vegetables
86995,2605,Vegetables
87010,2605,Vegetables
87011,2605,Vegetables
87012,2605,Vegetables
87016,2605,Vegetables
87018,2605,Vegetables
87028,2605,Vegetables
87040,2605,Vegetables
87052,2605,Vegetables
87095,2605,Vegetables
87099,2605,Vegetables
87141,2605,Vegetables
87186,2605,Vegetables
87210,2605,Vegetables
87220,2605,Vegetables
95397,2605,Vegetables
96320,2605,Vegetables
96644,2605,Vegetables
96648,2605,Vegetables
96649,2605,Vegetables
96650,2605,Vegetables
96651,2605,Vegetables
96652,2605,Vegetables
96653,2605,Vegetables
96656,2605,Vegetables
96657,2605,Vegetables
96659,2605,Vegetables
96660,2605,Vegetables
96671,2605,Vegetables
96672,2605,Vegetables
96702,2605,Vegetables
96703,2605,Vegetables
96704,2605,Vegetables
96705,2605,Vegetables
96706,2605,Vegetables
96707,2605,Vegetables
96708,2605,Vegetables
96709,2605,Vegetables
96710,2605,Vegetables
96712,2605,Vegetables
96713,2605,Vegetables
96714,2605,Vegetables
96715,2605,Vegetables
96718,2605,Vegetables
96722,2605,Vegetables
96726,2605,Vegetables
96730,2605,Vegetables
96731,2605,Vegetables
96732,2605,Vegetables
96733,2605,Vegetables
96735,2605,Vegetables
96736,2605,Vegetables
96751,2605,Vegetables
96752,2605,Vegetables
96753,2605,Vegetables
96755,2605,Vegetables
96760,2605,Vegetables
96761,2605,Vegetables
96762,2605,Vegetables
96765,2605,Vegetables
96766,2605,Vegetables
96767,2605,Vegetables
96768,2605,Vegetables
96775,2605,Vegetables
96777,2605,Vegetables
96778,2605,Vegetables
96780,2605,Vegetables
96786,2605,Vegetables
96788,2605,Vegetables
96789,2605,Vegetables
96794,2605,Vegetables
96797,2605,Vegetables
96801,2605,Vegetables
96802,2605,Vegetables
96803,2605,Vegetables
96805,2605,Vegetables
96827,2605,Vegetables
96828,2605,Vegetables
96840,2605,Vegetables
96841,2605,Vegetables
96842,2605,Vegetables
96845,2605,Vegetables
96848,2605,Vegetables
96849,2605,Vegetables
96851,2605,Vegetables
96852,2605,Vegetables
96854,2605,Vegetables
96855,2605,Vegetables
96859,2605,Vegetables
96863,2605,Vegetables
96875,2605,Vegetables
96876,2605,Vegetables
96884,2605,Vegetables
96886,2605,Vegetables
96891,2605,Vegetables
96892,2605,Vegetables
96894,2605,Vegetables
96896,2605,Vegetables
96897,2605,Vegetables
96906,2605,Vegetables
96909,2605,Vegetables
96910,2605,Vegetables
96916,2605,Vegetables
96921,2605,Vegetables
96924,2605,Vegetables
96925,2605,Vegetables
96929,2605,Vegetables
96930,2605,Vegetables
96934,2605,Vegetables
96936,2605,Vegetables
96949,2605,Vegetables
96951,2605,Vegetables
96958,2605,Vegetables
96959,2605,Vegetables
96971,2605,Vegetables
96972,2605,Vegetables
96976,2605,Vegetables
96977,2605,Vegetables
96985,2605,Vegetables
96986,2605,Vegetables
96998,2605,Vegetables
97002,2605,Vegetables
97004,2605,Vegetables
97005,2605,Vegetables
97009,2605,Vegetables
97020,2605,Vegetables
97022,2605,Vegetables
97024,2605,Vegetables
97035,2605,Vegetables
97037,2605,Vegetables
97042,2605,Vegetables
97043,2605,Vegetables
97049,2605,Vegetables
97053,2605,Vegetables
97054,2605,Vegetables
97057,2605,Vegetables
97058,2605,Vegetables
97059,2605,Vegetables
97060,2605,Vegetables
97064,2605,Vegetables
97067,2605,Vegetables
97072,2605,Vegetables
97075,2605,Vegetables
97076,2605,Vegetables
97077,2605,Vegetables
97078,2605,Vegetables
97079,2605,Vegetables
97080,2605,Vegetables
97081,2605,Vegetables
97082,2605,Vegetables
97083,2605,Vegetables
97084,2605,Vegetables
97085,2605,Vegetables
97086,2605,Vegetables
97087,2605,Vegetables
97088,2605,Vegetables
97089,2605,Vegetables
97092,2605,Vegetables
97100,2605,Vegetables
97144,2605,Vegetables
97145,2605,Vegetables
97146,2605,Vegetables
97149,2605,Vegetables
97152,2605,Vegetables
97157,2605,Vegetables
97158,2605,Vegetables
97159,2605,Vegetables
97162,2605,Vegetables
97163,2605,Vegetables
97164,2605,Vegetables
97167,2605,Vegetables
97172,2605,Vegetables
97180,2605,Vegetables
97181,2605,Vegetables
97182,2605,Vegetables
97183,2605,Vegetables
97190,2605,Vegetables
97195,2605,Vegetables
97198,2605,Vegetables
97201,2605,Vegetables
97202,2605,Vegetables
97203,2605,Vegetables
97204,2605,Vegetables
97208,2605,Vegetables
97211,2605,Vegetables
97212,2605,Vegetables
97214,2605,Vegetables
97215,2605,Vegetables
97216,2605,Vegetables
97217,2605,Vegetables
97218,2605,Vegetables
97222,2605,Vegetables
97223,2605,Vegetables
97224,2605,Vegetables
97225,2605,Vegetables
97259,2605,Vegetables
97260,2605,Vegetables
97262,2605,Vegetables
97263,2605,Vegetables
106346,2605,Vegetables
106693,2605,Vegetables
106694,2605,Vegetables
106720,2605,Vegetables
106728,2605,Vegetables
106785,2605,Vegetables
106795,2605,Vegetables
106799,2605,Vegetables
106860,2605,Vegetables
106864,2605,Vegetables
106877,2605,Vegetables
106878,2605,Vegetables
106879,2605,Vegetables
106900,2605,Vegetables
106903,2605,Vegetables
106907,2605,Vegetables
106908,2605,Vegetables
106915,2605,Vegetables
106917,2605,Vegetables
106919,2605,Vegetables
106935,2605,Vegetables
106937,2605,Vegetables
106939,2605,Vegetables
106940,2605,Vegetables
106941,2605,Vegetables
106942,2605,Vegetables
106944,2605,Vegetables
106969,2605,Vegetables
106970,2605,Vegetables
106987,2605,Vegetables
106988,2605,Vegetables
106997,2605,Vegetables
106999,2605,Vegetables
107001,2605,Vegetables
107007,2605,Vegetables
107008,2605,Vegetables
107023,2605,Vegetables
107026,2605,Vegetables
107029,2605,Vegetables
107030,2605,Vegetables
107031,2605,Vegetables
107036,2605,Vegetables
107038,2605,Vegetables
107045,2605,Vegetables
107046,2605,Vegetables
107063,2605,Vegetables
107094,2605,Vegetables
107098,2605,Vegetables
107139,2605,Vegetables
107140,2605,Vegetables
107142,2605,Vegetables
107143,2605,Vegetables
107154,2605,Vegetables
107155,2605,Vegetables
107170,2605,Vegetables
107171,2605,Vegetables
107191,2605,Vegetables
107197,2605,Vegetables
14666,2511,Wheat and products
14709,2511,Wheat and products
14958,2511,Wheat and products
14967,2511,Wheat and products
15019,2511,Wheat and products
15020,2511,Wheat and products
15025,2511,Wheat and products
15032,2511,Wheat and products
15049,2511,Wheat and products
15058,2511,Wheat and products
24665,2511,Wheat and products
24669,2511,Wheat and products
24670,2511,Wheat and products
24671,2511,Wheat and products
24696,2511,Wheat and products
24701,2511,Wheat and products
24708,2511,Wheat and products
24717,2511,Wheat and products
24718,2511,Wheat and products
24742,2511,Wheat and products
24847,2511,Wheat and products
24964,2511,Wheat and products
25022,2511,Wheat and products
25023,2511,Wheat and products
44706,2511,Wheat and products
45017,2511,Wheat and products
45045,2511,Wheat and products
45046,2511,Wheat and products
45053,2511,Wheat and products
45056,2511,Wheat and products
54743,2511,Wheat and products
54845,2511,Wheat and products
54846,2511,Wheat and products
55040,2511,Wheat and products
55044,2511,Wheat and products
56530,2511,Wheat and products
64694,2511,Wheat and products
65038,2511,Wheat and products
65043,2511,Wheat and products
74675,2511,Wheat and products
74695,2511,Wheat and products
74710,2511,Wheat and products
74712,2511,Wheat and products
74864,2511,Wheat and products
75011,2511,Wheat and products
75013,2511,Wheat and products
75037,2511,Wheat and products
75041,2511,Wheat and products
75047,2511,Wheat and products
75048,2511,Wheat and products
84663,2511,Wheat and products
84744,2511,Wheat and products
85035,2511,Wheat and products
85042,2511,Wheat and products
85050,2511,Wheat and products
85051,2511,Wheat and products
94653,2511,Wheat and products
94655,2511,Wheat and products
94664,2511,Wheat and products
94668,2511,Wheat and products
94672,2511,Wheat and products
94673,2511,Wheat and products
94680,2511,Wheat and products
94681,2511,Wheat and products
94697,2511,Wheat and products
94698,2511,Wheat and products
94699,2511,Wheat and products
94700,2511,Wheat and products
94702,2511,Wheat and products
94707,2511,Wheat and products
94711,2511,Wheat and products
94713,2511,Wheat and products
94714,2511,Wheat and products
94716,2511,Wheat and products
94724,2511,Wheat and products
94725,2511,Wheat and products
94726,2511,Wheat and products
94729,2511,Wheat and products
94730,2511,Wheat and products
94731,2511,Wheat and products
94732,2511,Wheat and products
94733,2511,Wheat and products
94746,2511,Wheat and products
94747,2511,Wheat and products
94749,2511,Wheat and products
94750,2511,Wheat and products
94751,2511,Wheat and products
94752,2511,Wheat and products
94854,2511,Wheat and products
94855,2511,Wheat and products
94965,2511,Wheat and products
94966,2511,Wheat and products
94994,2511,Wheat and products
94995,2511,Wheat and products
94996,2511,Wheat and products
94997,2511,Wheat and products
94998,2511,Wheat and products
94999,2511,Wheat and products
95021,2511,Wheat and products
95024,2511,Wheat and products
95027,2511,Wheat and products
95028,2511,Wheat and products
95029,2511,Wheat and products
95030,2511,Wheat and products
95031,2511,Wheat and products
95033,2511,Wheat and products
95034,2511,Wheat and products
95039,2511,Wheat and products
95054,2511,Wheat and products
95055,2511,Wheat and products
96322,2511,Wheat and products
104685,2511,Wheat and products
104703,2511,Wheat and products
104704,2511,Wheat and products
104705,2511,Wheat and products
104745,2511,Wheat and products
104748,2511,Wheat and products
105026,2511,Wheat and products
105036,2511,Wheat and products
105057,2511,Wheat and products
126607,2511,Wheat and products
16480,2535,Yams
16485,2535,Yams
56479,2535,Yams
56482,2535,Yams
66486,2535,Yams
86493,2535,Yams
86494,2535,Yams
96481,2535,Yams
96483,2535,Yams
96484,2535,Yams
96487,2535,Yams
96495,2535,Yams
96496,2535,Yams
106488,2535,Yams
106489,2535,Yams
106490,2535,Yams
106491,2535,Yams
106492,2535,Yams
13663,,
13670,,
13691,,
13692,,
13698,,
13699,,
13701,,
13707,,
13822,,
13959,,
14112,,
14200,,
14524,,
15065,,
15073,,
15075,,
15083,,
15110,,
15116,,
15122,,
15126,,
15134,,
15136,,
15139,,
15151,,
15153,,
15161,,
15168,,
15174,,
15180,,
15181,,
15190,,
15196,,
15207,,
15220,,
15227,,
15239,,
15256,,
15486,,
15487,,
15711,,
15823,,
15950,,
16179,,
16280,,
16288,,
16498,,
16563,,
17091,,
23637,,
23644,,
23648,,
23649,,
23650,,
23652,,
23654,,
23655,,
23661,,
23662,,
23666,,
23671,,
23672,,
23697,,
23949,,
23950,,
23966,,
24273,,
24402,,
24473,,
24523,,
24569,,
25002,,
25003,,
25004,,
25005,,
25061,,
25067,,
25068,,
25076,,
25077,,
25085,,
25125,,
25129,,
25140,,
25149,,
25154,,
25155,,
25156,,
25160,,
25173,,
25175,,
25177,,
25178,,
25186,,
25188,,
25195,,
25202,,
25205,,
25208,,
25214,,
25215,,
25222,,
25228,,
25242,,
25248,,
25251,,
25260,,
25261,,
25542,,
25713,,
25799,,
25801,,
25853,,
25854,,
25870,,
25943,,
25951,,
26030,,
26032,,
26059,,
26178,,
26293,,
26344,,
26502,,
26507,,
26510,,
26516,,
26539,,
26550,,
26554,,
26555,,
26557,,
26564,,
26579,,
26580,,
26581,,
26586,,
26587,,
26588,,
33706,,
43688,,
43689,,
43799,,
45088,,
45104,,
45132,,
45141,,
45157,,
45167,,
45189,,
45221,,
45246,,
46176,,
46256,,
46497,,
46499,,
46515,,
46577,,
46583,,
53651,,
53659,,
53660,,
53664,,
53668,,
53673,,
53677,,
53702,,
53703,,
53704,,
53715,,
53800,,
53801,,
53842,,
53914,,
53957,,
53958,,
53960,,
53998,,
54008,,
54014,,
54035,,
54051,,
54082,,
54097,,
54139,,
54143,,
54144,,
54183,,
54184,,
54198,,
54380,,
54630,,
55059,,
55115,,
55164,,
55166,,
55187,,
55212,,
55234,,
55236,,
55243,,
55244,,
55258,,
55470,,
55471,,
55494,,
55589,,
55696,,
55814,,
55816,,
55817,,
55818,,
55824,,
55825,,
55866,,
55925,,
55947,,
56026,,
56051,,
56111,,
56261,,
56291,,
56303,,
56347,,
56505,,
56511,,
56523,,
56524,,
56525,,
56526,,
56570,,
56571,,
56582,,
56610,,
56611,,
56612,,
56613,,
56616,,
56618,,
56619,,
56620,,
63640,,
63641,,
63642,,
63643,,
63646,,
63653,,
63658,,
63667,,
63700,,
64036,,
64297,,
64428,,
64522,,
65066,,
65080,,
65105,,
65106,,
65128,,
65143,,
65145,,
65231,,
65232,,
66034,,
66241,,
66289,,
66343,,
66503,,
66504,,
66506,,
66512,,
66609,,
66617,,
73638,,
73639,,
73645,,
73647,,
73656,,
73657,,
73665,,
73669,,
73674,,
73675,,
73676,,
73678,,
73679,,
73680,,
73681,,
73682,,
73683,,
73690,,
73695,,
73696,,
73705,,
73712,,
73716,,
73717,,
73718,,
73802,,
73821,,
73913,,
74199,,
74430,,
74431,,
75064,,
75071,,
75078,,
75079,,
75089,,
75090,,
75091,,
75092,,
75093,,
75094,,
75095,,
75096,,
75097,,
75098,,
75099,,
75100,,
75101,,
75102,,
75119,,
75120,,
75121,,
75130,,
75158,,
75165,,
75176,,
75183,,
75185,,
75199,,
75209,,
75230,,
75233,,
75235,,
75267,,
75798,,
75800,,
76031,,
76048,,
76058,,
76342,,
76500,,
76501,,
76508,,
76509,,
76513,,
76514,,
76517,,
76534,,
76535,,
76536,,
76538,,
76548,,
76556,,
76614,,
76615,,
76625,,
83850,,
83917,,
83965,,
84037,,
84116,,
84193,,
85543,,
85714,,
85836,,
85862,,
86029,,
86035,,
86049,,
86108,,
93693,,
93694,,
93851,,
94043,,
94246,,
94274,,
94544,,
94547,,
94558,,
94567,,
94577,,
95060,,
95063,,
95069,,
95070,,
95072,,
95082,,
95084,,
95086,,
95087,,
95103,,
95108,,
95109,,
95111,,
95112,,
95113,,
95114,,
95117,,
95118,,
95123,,
95127,,
95131,,
95133,,
95135,,
95138,,
95144,,
95146,,
95147,,
95148,,
95150,,
95152,,
95159,,
95163,,
95169,,
95170,,
95179,,
95182,,
95184,,
95191,,
95194,,
95197,,
95198,,
95200,,
95201,,
95203,,
95206,,
95210,,
95213,,
95216,,
95217,,
95219,,
95223,,
95224,,
95225,,
95226,,
95237,,
95238,,
95240,,
95241,,
95247,,
95249,,
95250,,
95257,,
95259,,
95262,,
95264,,
95265,,
95266,,
95586,,
95587,,
95590,,
95591,,
95691,,
95692,,
95697,,
95698,,
95699,,
95700,,
95701,,
95702,,
95703,,
95704,,
95705,,
95706,,
95707,,
95708,,
95710,,
95712,,
95715,,
95716,,
95794,,
95795,,
95796,,
95797,,
95819,,
95820,,
95821,,
95822,,
95826,,
95827,,
95828,,
95829,,
95830,,
95831,,
95832,,
95833,,
95856,,
95857,,
95858,,
95859,,
95860,,
95861,,
95867,,
95868,,
95927,,
95928,,
95929,,
95930,,
95935,,
95936,,
95937,,
95938,,
95941,,
95942,,
95948,,
95949,,
96027,,
96028,,
96033,,
96036,,
96050,,
96052,,
96068,,
96069,,
96070,,
96177,,
96290,,
96338,,
96397,,
103684,,
103685,,
103686,,
103687,,
104423,,
104424,,
104429,,
105062,,
105074,,
105107,,
105124,,
105137,,
105142,,
105162,,
105171,,
105172,,
105192,,
105193,,
105204,,
105211,,
105218,,
105229,,
105245,,
105263,,
105268,,
105269,,
105540,,
105835,,
106037,,
106038,,
106181,,
106292,,
107255,,
126589,,
126590,,
126591,,
126592,,
126593,,
126595,,
126596,,
126597,,
126598,,
126608,,
126621,,
126622,,
126623,,
126624,,
126626,,
126627,,
126628,,
126629,,
126630,,
126631,,
126632,,
126633,,
126634,,
126635,,
126636,,
126637,,
126638,,
126639,,
126640,,
126641,,
126642,,
